{
    "IC830Z3000-1.0.Twenty_four_arch_LH_FWD": {
        "FL28": [
            308.78984977799973,
            -2357.776800248396,
            6809.958039391821
        ],
        "FL29": [
            165.55720000066418,
            -2372.4065079026846,
            6769.503879074954
        ],
        "FL38": [
            155.90520000062412,
            -2372.4065079026846,
            6769.503879074955
        ]
    },
    "IC830Z3000-1.0.Twenty_four_arch_RH_FWD": {
        "FL28": [
            308.78984977799973,
            -2357.776800248396,
            6809.958039391821
        ],
        "FL29": [
            152.85720000061337,
            -2372.4065079026846,
            6769.503879074954
        ],
        "FL38": [
            143.2052000005733,
            -2372.4065079026846,
            6769.503879074955
        ]
    },
    "IC830Z3000-1.1.Twenty_four_arch_LH_AFT": {
        "FL28": [
            308.78984977799973,
            -2357.776800248396,
            6809.958039391821
        ],
        "FL29": [
            466.3948000018673,
            -2372.4065079026846,
            6769.503879074954
        ],
        "FL38": [
            456.7428000018272,
            -2372.4065079026846,
            6769.503879074955
        ]
    },
    "IC830Z3000-1.1.Twenty_four_arch_RH_AFT": {
        "FL28": [
            308.78984977799973,
            -2357.776800248396,
            6809.958039391821
        ],
        "FL29": [
            453.6948000018165,
            -2372.4065079026846,
            6769.503879074954
        ],
        "FL38": [
            444.0428000017764,
            -2372.4065079026846,
            6769.503879074955
        ]
    },
    "IC830Z3000-1.10": {
        "FL28": [
            283.3898497778981,
            -2357.776800248396,
            6809.958039391821
        ],
        "FL29": [
            173.48200000069482,
            -2372.4065079026846,
            6769.503879074954
        ],
        "FL38": [
            163.83000000065476,
            -2372.4065079026846,
            6769.503879074955
        ]
    },
    "IC830Z3000-1.10.0": {
        "FL28": [
            283.3898497778981,
            -2357.776800248396,
            6809.958039391821
        ],
        "FL29": [
            173.48200000069482,
            -2372.4065079026846,
            6769.503879074954
        ],
        "FL38": [
            163.83000000065476,
            -2372.4065079026846,
            6769.503879074955
        ]
    },
    "IC830Z3000-1.10.1": {
        "FL28": [
            283.3898497778981,
            -2357.776800248396,
            6809.958039391821
        ],
        "FL29": [
            173.48200000069482,
            -2372.4065079026846,
            6769.503879074954
        ],
        "FL38": [
            163.83000000065476,
            -2372.4065079026846,
            6769.503879074955
        ]
    },
    "IC830Z3000-1.10.11": {
        "FL28": [
            283.3898497778981,
            -2357.776800248396,
            6809.958039391821
        ],
        "FL29": [
            173.48200000069482,
            -2372.4065079026846,
            6769.503879074954
        ],
        "FL38": [
            163.83000000065476,
            -2372.4065079026846,
            6769.503879074955
        ]
    },
    "IC830Z3000-1.10.12": {
        "FL28": [
            283.3898497778981,
            -2357.776800248396,
            6809.958039391821
        ],
        "FL29": [
            737.1588000029496,
            -2372.4065079026846,
            6769.503879074954
        ],
        "FL38": [
            727.5068000029096,
            -2372.4065079026846,
            6769.503879074955
        ]
    },
    "IC830Z3000-1.10.13": {
        "FL28": [
            283.3898497778981,
            -2357.776800248396,
            6809.958039391821
        ],
        "FL29": [
            173.48200000069482,
            -2372.4065079026846,
            6769.503879074954
        ],
        "FL38": [
            163.83000000065476,
            -2372.4065079026846,
            6769.503879074955
        ]
    },
    "IC830Z3000-1.10.14": {
        "FL28": [
            283.3898497778981,
            -2357.776800248396,
            6809.958039391821
        ],
        "FL29": [
            173.48200000069482,
            -2372.4065079026846,
            6769.503879074954
        ],
        "FL38": [
            163.83000000065476,
            -2372.4065079026846,
            6769.503879074955
        ]
    },
    "IC830Z3000-1.10.15": {
        "FL28": [
            283.3898497778981,
            -2357.776800248396,
            6809.958039391821
        ],
        "FL29": [
            737.1588000029496,
            -2372.4065079026846,
            6769.503879074954
        ],
        "FL38": [
            727.5068000029096,
            -2372.4065079026846,
            6769.503879074955
        ]
    },
    "IC830Z3000-1.10.16": {
        "FL28": [
            283.3898497778981,
            -2357.776800248396,
            6809.958039391821
        ],
        "FL29": [
            737.1588000029496,
            -2372.4065079026846,
            6769.503879074954
        ],
        "FL38": [
            163.83000000065476,
            -2372.4065079026846,
            6769.503879074955
        ],
        "Point.6": [
            727.5068000029096,
            -2372.4065079026846,
            6769.503879074955
        ]
    },
    "IC830Z3000-1.10.2": {
        "FL28": [
            283.3898497778981,
            -2357.776800248396,
            6809.958039391821
        ],
        "FL29": [
            173.48200000069482,
            -2372.4065079026846,
            6769.503879074954
        ],
        "FL38": [
            163.83000000065476,
            -2372.4065079026846,
            6769.503879074955
        ]
    },
    "IC830Z3000-1.10.2.0_FWD": {
        "FL28": [
            283.3898497778981,
            -2357.776800248396,
            6809.958039391821
        ],
        "FL29": [
            173.48200000069482,
            -2372.4065079026846,
            6769.503879074954
        ],
        "FL38": [
            163.83000000065476,
            -2372.4065079026846,
            6769.503879074955
        ]
    },
    "IC830Z3000-1.10.2.1_AFT": {
        "FL28": [
            283.3898497778981,
            -2357.776800248396,
            6809.958039391821
        ],
        "FL29": [
            737.1588000029496,
            -2372.4065079026846,
            6769.503879074954
        ],
        "FL38": [
            727.5068000029096,
            -2372.4065079026846,
            6769.503879074955
        ]
    },
    "IC830Z3000-1.13": {
        "FL28": [
            308.78984977799973,
            -2357.776800248396,
            6809.958039391821
        ],
        "FL29": [
            152.85720000061337,
            -2372.4065079026846,
            6769.503879074954
        ],
        "FL38": [
            143.2052000005733,
            -2372.4065079026846,
            6769.503879074955
        ]
    },
    "IC830Z3000-1.13.11": {
        "FL28": [
            308.78984977799973,
            -2357.776800248396,
            6809.958039391821
        ],
        "FL29": [
            152.85720000061337,
            -2372.4065079026846,
            6769.503879074954
        ],
        "FL38": [
            143.2052000005733,
            -2372.4065079026846,
            6769.503879074955
        ]
    },
    "IC830Z3000-1.13.12": {
        "FL28": [
            308.78984977799973,
            -2357.776800248396,
            6809.958039391821
        ],
        "FL29": [
            453.6948000018165,
            -2372.4065079026846,
            6769.503879074954
        ],
        "FL38": [
            444.0428000017764,
            -2372.4065079026846,
            6769.503879074955
        ]
    },