{
    "24IN_Center_Bin_": {
        "sta": [
            6.350000000025401,
            680.6723749833953,
            7471.658047713141
        ],
        "sta.1": [
            6.350000000025401,
            -680.6723749833953,
            7471.658047713141
        ]
    },
    "24IN_Center_Bin_PCP": {
        "sta": [
            6.350000000025401,
            680.6723749833953,
            7471.658047713141
        ],
        "sta.1": [
            6.350000000025401,
            -680.6723749833953,
            7471.658047713141
        ]
    },
    "36IN_Center_Bin_": {
        "sta": [
            6.350000000025401,
            680.6723749833953,
            7471.658047713141
        ],
        "sta.1": [
            6.350000000025401,
            -680.6723749833953,
            7471.658047713141
        ]
    },
    "36IN_Center_Bin_PCP": {
        "sta": [
            6.350000000025401,
            680.6723749833953,
            7471.658047713141
        ],
        "sta.1": [
            6.350000000025401,
            -680.6723749833953,
            7471.658047713141
        ]
    },
    "42IN_Center_Bin_": {
        "sta": [
            6.350000000025401,
            680.6723749833953,
            7471.658047713141
        ],
        "sta.1": [
            6.350000000025401,
            -680.6723749833953,
            7471.658047713141
        ]
    },
    "42IN_Center_Bin_PCP": {
        "sta": [
            6.350000000025401,
            680.6723749833953,
            7471.658047713141
        ],
        "sta.1": [
            6.350000000025401,
            -680.6723749833953,
            7471.658047713141
        ]
    },
    "48IN_Center_Bin_": {
        "sta": [
            6.350000000025401,
            680.6723749833953,
            7471.658047713141
        ],
        "sta.1": [
            6.350000000025401,
            -680.6723749833953,
            7471.658047713141
        ]
    },
    "48IN_Center_Bin_PCP": {
        "sta": [
            6.350000000025401,
            680.6723749833953,
            7471.658047713141
        ],
        "sta.1": [
            6.350000000025401,
            -680.6723749833953,
            7471.658047713141
        ]
    }
}