{
    "IC830Z3000-1.0.Twenty_four_arch_LH_FWD": [
        -1.0,
        4.775973167567223e-18,
        2.4181287969789854e-18
    ],
    "IC830Z3000-1.0.Twenty_four_arch_RH_FWD": [
        -1.0,
        4.775973167567223e-18,
        2.4181287969789854e-18
    ],
    "IC830Z3000-1.1.Twenty_four_arch_LH_AFT": [
        1.0,
        -4.775973167567223e-18,
        -2.4181287969789854e-18
    ],
    "IC830Z3000-1.1.Twenty_four_arch_RH_AFT": [
        1.0,
        -4.775973167567223e-18,
        -2.4181287969789854e-18
    ],
    "IC830Z3000-1.10": [
        -1.0,
        4.775973167567223e-18,
        2.4181287969789854e-18
    ],
    "IC830Z3000-1.10.0": [
        -1.0,
        4.775973167567223e-18,
        2.4181287969789854e-18
    ],
    "IC830Z3000-1.10.1": [
        -1.0,
        4.775973167567223e-18,
        2.4181287969789854e-18
    ],
    "IC830Z3000-1.10.11": [
        -1.0,
        4.775973167567223e-18,
        2.4181287969789854e-18
    ],
    "IC830Z3000-1.10.12": [
        1.0,
        -4.775973167567223e-18,
        -2.4181287969789854e-18
    ],
    "IC830Z3000-1.10.13": [
        -1.0,
        4.775973167567223e-18,
        2.4181287969789854e-18
    ],
    "IC830Z3000-1.10.14": [
        -1.0,
        4.775973167567223e-18,
        2.4181287969789854e-18
    ],
    "IC830Z3000-1.10.15": [
        1.0,
        -4.775973167567223e-18,
        -2.4181287969789854e-18
    ],
    "IC830Z3000-1.10.16": [
        1.0,
        -4.775973167567223e-18,
        -2.4181287969789854e-18
    ],
    "IC830Z3000-1.10.2": [
        -1.0,
        4.775973167567223e-18,
        2.4181287969789854e-18
    ],
    "IC830Z3000-1.10.2.0_FWD": [
        -1.0,
        4.775973167567223e-18,
        2.4181287969789854e-18
    ],
    "IC830Z3000-1.10.2.1_AFT": [
        1.0,
        -4.775973167567223e-18,
        -2.4181287969789854e-18
    ],
    "IC830Z3000-1.10.2_AFT_rp": [
        4.3627830239485384e-16,
        -1.0,
        4.3413121649609655e-15
    ],
    "IC830Z3000-1.10.2_FWD_rp": [
        4.3627830239485384e-16,
        -1.0,
        4.3413121649609655e-15
    ],
    "IC830Z3000-1.10.2_jd28": [
        0.0,
        -0.09624957827726766,
        -0.995357231691943
    ],
    "IC830Z3000-1.10.2_jd31": [
        0.0,
        0.9953572316919417,
        -0.09624957827728074
    ],
    "IC830Z3000-1.10.2_rp": [
        4.3627830239485384e-16,
        -1.0,
        4.3413121649609655e-15
    ],
    "IC830Z3000-1.10_AFT_rp": [
        4.3627830239485384e-16,
        -1.0,
        4.3413121649609655e-15
    ],
    "IC830Z3000-1.10_FWD_rp": [
        4.3627830239485384e-16,
        -1.0,
        4.3413121649609655e-15
    ],
    "IC830Z3000-1.10_rp": [
        4.3627830239485384e-16,
        -1.0,
        4.3413121649609655e-15
    ],
    "IC830Z3000-1.13": [
        -1.0,
        4.775973167567223e-18,
        2.4181287969789854e-18
    ],
    "IC830Z3000-1.13.11": [
        -1.0,
        4.775973167567223e-18,
        2.4181287969789854e-18
    ],
    "IC830Z3000-1.13.12": [
        1.0,
        -4.775973167567223e-18,
        -2.4181287969789854e-18
    ],
    "IC830Z3000-1.13.2": [
        -1.0,
        4.775973167567223e-18,
        2.4181287969789854e-18
    ],
    "IC830Z3000-1.13.2.0_FWD": [
        -1.0,
        4.775973167567223e-18,
        2.4181287969789854e-18
    ],
    "IC830Z3000-1.13.2.1_AFT": [
        1.0,
        -4.775973167567223e-18,
        -2.4181287969789854e-18
    ],
    "IC830Z3000-1.13.2_AFT_rp": [
        4.3627830239485384e-16,
        -1.0,
        4.3413121649609655e-15
    ],
    "IC830Z3000-1.13.2_FWD_rp": [
        4.3627830239485384e-16,
        -1.0,
        4.3413121649609655e-15
    ],
    "IC830Z3000-1.13.2_jd28": [
        -5.2714776987983214e-14,
        -0.09624957827730202,
        -0.9953572316919397
    ],
    "IC830Z3000-1.13.2_jd31": [
        2.8379007667257583e-16,
        0.9953572316919417,
        -0.09624957827728074
    ],
    "IC830Z3000-1.13.2_rp": [
        4.3627830239485384e-16,
        -1.0,
        4.3413121649609655e-15
    ],
    "IC830Z3000-1.13_AFT_rp": [
        4.3627830239485384e-16,
        -1.0,
        4.3413121649609655e-15
    ],
    "IC830Z3000-1.13_FWD_rp": [
        4.3627830239485384e-16,
        -1.0,
        4.3413121649609655e-15
    ],
    "IC830Z3000-1.13_rp": [
        4.3627830239485384e-16,
        -1.0,
        4.3413121649609655e-15
    ],
    "IC830Z3000-1.3.2": [
        -1.0,
        4.775973167567223e-18,
        2.4181287969789854e-18
    ],
    "IC830Z3000-1.3.2.11": [
        -1.0,
        4.775973167567223e-18,
        2.4181287969789854e-18
    ],
    "IC830Z3000-1.3.2.12": [
        1.0,
        -4.775973167567223e-18,
        -2.4181287969789854e-18
    ],
    "IC830Z3000-1.3.2_AFT_rp": [
        4.3627830239485384e-16,
        -1.0,
        4.3413121649609655e-15
    ],
    "IC830Z3000-1.3.2_FWD_rp": [
        4.3627830239485384e-16,
        -1.0,
        4.3413121649609655e-15
    ],
    "IC830Z3000-1.3.2_rp": [
        4.3627830239485384e-16,
        -1.0,
        4.3413121649609655e-15
    ],
    "IC830Z3000-1.3.3": [
        -1.0,
        4.775973167567223e-18,
        2.4181287969789854e-18
    ],
    "IC830Z3000-1.3.3.0_FWD": [
        -1.0,
        4.775973167567223e-18,
        2.4181287969789854e-18
    ],
    "IC830Z3000-1.3.3.1_AFT": [
        1.0,
        -4.775973167567223e-18,
        -2.4181287969789854e-18
    ],
    "IC830Z3000-1.3.3_AFT_rp": [
        4.3627830239485384e-16,
        -1.0,
        4.3413121649609655e-15
    ],
    "IC830Z3000-1.3.3_FWD_rp": [
        4.3627830239485384e-16,
        -1.0,
        4.3413121649609655e-15
    ],
    "IC830Z3000-1.3.3_jd28": [
        0.0,
        -0.09624957827726766,
        -0.995357231691943
    ],
    "IC830Z3000-1.3.3_jd31": [
        0.0,
        0.9953572316919417,
        -0.09624957827728074
    ],
    "IC830Z3000-1.3.3_rp": [
        4.3627830239485384e-16,
        -1.0,
        4.3413121649609655e-15
    ],
    "IC830Z3000-1.5": [
        -1.0,
        4.775973167567223e-18,
        2.4181287969789854e-18
    ],
    "IC830Z3000-1.5.1": [
        -1.0,
        4.775973167567223e-18,
        2.4181287969789854e-18
    ],
    "IC830Z3000-1.5.1.0_FWD": [
        -1.0,
        4.775973167567223e-18,
        2.4181287969789854e-18
    ],
    "IC830Z3000-1.5.1.1_AFT": [
        1.0,
        -4.775973167567223e-18,
        -2.4181287969789854e-18
    ],
    "IC830Z3000-1.5.11": [
        -1.0,
        4.775973167567223e-18,
        2.4181287969789854e-18
    ],
    "IC830Z3000-1.5.12": [
        1.0,
        -4.775973167567223e-18,
        -2.4181287969789854e-18
    ],
    "IC830Z3000-1.5.1_AFT_rp": [
        4.3627830239485384e-16,
        -1.0,
        4.3413121649609655e-15
    ],
    "IC830Z3000-1.5.1_FWD_rp": [
        4.3627830239485384e-16,
        -1.0,
        4.3413121649609655e-15
    ],
    "IC830Z3000-1.5.1_jd28": [
        0.0,
        -0.09624957827726766,
        -0.995357231691943
    ],
    "IC830Z3000-1.5.1_jd31": [
        0.0,
        0.9953572316919417,
        -0.09624957827728074
    ],
    "IC830Z3000-1.5.1_rp": [
        4.3627830239485384e-16,
        -1.0,
        4.3413121649609655e-15
    ],
    "IC830Z3000-1.5_AFT_rp": [
        4.3627830239485384e-16,
        -1.0,
        4.3413121649609655e-15
    ],
    "IC830Z3000-1.5_FWD_rp": [
        4.3627830239485384e-16,
        -1.0,
        4.3413121649609655e-15
    ],
    "IC830Z3000-1.5_rp": [
        4.3627830239485384e-16,
        -1.0,
        4.3413121649609655e-15
    ],
    "IC830Z3000-1.Twenty_four_arch_LH": [
        -1.0,
        4.775973167567223e-18,
        2.4181287969789854e-18
    ],
    "IC830Z3000-1.Twenty_four_arch_LH_AFT_rp": [
        4.3627830239485384e-16,
        -1.0,
        4.3413121649609655e-15
    ],
    "IC830Z3000-1.Twenty_four_arch_LH_FWD_rp": [
        4.3627830239485384e-16,
        -1.0,
        4.3413121649609655e-15
    ],