{
    "IC830Z3000-1.0.Twenty_four_arch_LH_FWD": {
        "Point.1": [
            167.0812000006709,
            -2370.8006916375516,
            6778.37673899289
        ]
    },
    "IC830Z3000-1.0.Twenty_four_arch_RH_FWD": {
        "Point.1": [
            154.38120000062008,
            -2370.8006916375516,
            6778.37673899289
        ]
    },
    "IC830Z3000-1.1.Twenty_four_arch_LH_AFT": {
        "Point.2": [
            455.2188000018232,
            -2370.8006916375516,
            6778.376738992889
        ]
    },
    "IC830Z3000-1.1.Twenty_four_arch_RH_AFT": {
        "Point.2": [
            442.5188000017724,
            -2370.8006916375516,
            6778.376738992889
        ]
    },
    "IC830Z3000-1.10": {
        "Point.1": [
            175.00600000070153,
            -2370.8006916375516,
            6778.37673899289
        ],
        "Point.2": [
            725.9828000029056,
            -2370.8006916375516,
            6778.376738992889
        ]
    },
    "IC830Z3000-1.10.0": {
        "Point.1": [
            175.00600000070153,
            -2370.8006916375516,
            6778.37673899289
        ],
        "Point.2": [
            725.9828000029056,
            -2370.8006916375516,
            6778.376738992889
        ]
    },
    "IC830Z3000-1.10.1": {
        "Point.1": [
            175.00600000070153,
            -2370.8006916375516,
            6778.37673899289
        ],
        "Point.2": [
            725.9828000029056,
            -2370.8006916375516,
            6778.376738992889
        ]
    },
    "IC830Z3000-1.10.11": {
        "Point.1": [
            175.00600000070153,
            -2370.8006916375516,
            6778.37673899289
        ]
    },
    "IC830Z3000-1.10.12": {
        "Point.2": [
            725.9828000029056,
            -2370.8006916375516,
            6778.376738992889
        ]
    },
    "IC830Z3000-1.10.13": {
        "Point.1": [
            175.00600000070153,
            -2370.8006916375516,
            6778.37673899289
        ]
    },
    "IC830Z3000-1.10.14": {
        "Point.1": [
            175.00600000070153,
            -2370.8006916375516,
            6778.37673899289
        ]
    },
    "IC830Z3000-1.10.15": {
        "Point.2": [
            725.9828000029056,
            -2370.8006916375516,
            6778.376738992889
        ]
    },
    "IC830Z3000-1.10.16": {
        "Point.2": [
            725.9828000029056,
            -2370.8006916375516,
            6778.376738992889
        ]
    },
    "IC830Z3000-1.10.2": {
        "Point.1": [
            175.00600000070153,
            -2370.8006916375516,
            6778.37673899289
        ],
        "Point.2": [
            725.9828000029056,
            -2370.8006916375516,
            6778.376738992889
        ]
    },
    "IC830Z3000-1.10.2.0_FWD": {
        "Point.1": [
            175.00600000070153,
            -2370.8006916375516,
            6778.37673899289
        ]
    },
    "IC830Z3000-1.10.2.1_AFT": {
        "Point.2": [
            725.9828000029056,
            -2370.8006916375516,
            6778.376738992889
        ]
    },
    "IC830Z3000-1.10.2_AFT_rp": {
        "Point.3": [
            38.10095120523734,
            -2361.9685999979156,
            6762.7501164117975
        ]
    },
    "IC830Z3000-1.10.2_FWD_rp": {
        "Point.4": [
            876.300951208596,
            -2361.968599997915,
            6762.7501164117975
        ]
    },
    "IC830Z3000-1.10.2_jd28": {
        "Point.1": [
            395.60500000158254,
            -1451.5202130846856,
            7339.415833517121
        ]
    },
    "IC830Z3000-1.10.2_jd31": {
        "Point.1": [
            304.7999999983923,
            -1468.9692588891276,
            7304.10133981606
        ]
    },
    "IC830Z3000-1.10.2_rp": {
        "Point.3": [
            38.10095120523734,
            -2361.9685999979156,
            6762.7501164117975
        ],
        "Point.4": [
            876.300951208596,
            -2361.968599997915,
            6762.7501164117975
        ]
    },
    "IC830Z3000-1.10_AFT_rp": {
        "Point.1": [
            38.10095120523734,
            -2361.9685999979156,
            6762.7501164117975
        ]
    },
    "IC830Z3000-1.10_FWD_rp": {
        "Point.2": [
            876.300951208596,
            -2361.968599997915,
            6762.7501164117975
        ]
    },
    "IC830Z3000-1.10_rp": {
        "Point.1": [
            38.10095120523734,
            -2361.9685999979156,
            6762.7501164117975
        ],
        "Point.2": [
            876.300951208596,
            -2361.968599997915,
            6762.7501164117975
        ]
    },
    "IC830Z3000-1.13": {
        "Point.1": [
            154.38120000062008,
            -2370.8006916375516,
            6778.37673899289
        ],
        "Point.2": [
            442.5188000017724,
            -2370.8006916375516,
            6778.376738992889
        ]
    },
    "IC830Z3000-1.13.11": {
        "Point.1": [
            154.38120000062008,
            -2370.8006916375516,
            6778.37673899289
        ]
    },
    "IC830Z3000-1.13.12": {
        "Point.2": [
            442.5188000017724,
            -2370.8006916375516,
            6778.376738992889
        ]
    },
    "IC830Z3000-1.13.2": {
        "Point.1": [
            154.38120000062008,
            -2370.8006916375516,
            6778.37673899289
        ],
        "Point.2": [
            442.5188000017724,
            -2370.8006916375516,
            6778.376738992889
        ]
    },
    "IC830Z3000-1.13.2.0_FWD": {
        "Point.1": [
            154.38120000062008,
            -2370.8006916375516,
            6778.37673899289
        ]
    },
    "IC830Z3000-1.13.2.1_AFT": {
        "Point.2": [
            442.5188000017724,
            -2370.8006916375516,
            6778.376738992889
        ]
    },
    "IC830Z3000-1.13.2_AFT_rp": {
        "Point.3": [
            38.10017011580416,
            -2361.9685999979156,
            6762.7501164117975
        ]
    },
    "IC830Z3000-1.13.2_FWD_rp": {
        "Point.4": [
            571.5001701179378,
            -2361.9685999979156,
            6762.7501164117975
        ]
    },
    "IC830Z3000-1.13.2_jd28": {
        "Point.1": [
            395.6050000015824,
            -1451.5202130846856,
            7339.415833517121
        ]
    },
    "IC830Z3000-1.13.2_jd31": {
        "Point.1": [
            304.7999999983923,
            -1468.9692588891276,
            7304.10133981606
        ]
    },
    "IC830Z3000-1.13.2_rp": {
        "Point.3": [
            38.10017011580416,
            -2361.9685999979156,
            6762.7501164117975
        ],
        "Point.4": [
            571.5001701179378,
            -2361.9685999979156,
            6762.7501164117975
        ]
    },
    "IC830Z3000-1.13_AFT_rp": {
        "Point.1": [
            38.10017011580416,
            -2361.9685999979156,
            6762.7501164117975
        ]
    },
    "IC830Z3000-1.13_FWD_rp": {
        "Point.2": [
            571.5001701179378,
            -2361.9685999979156,
            6762.7501164117975
        ]
    },
    "IC830Z3000-1.13_rp": {
        "Point.1": [
            38.10017011580416,
            -2361.9685999979156,
            6762.7501164117975
        ],
        "Point.2": [
            571.5001701179378,
            -2361.9685999979156,
            6762.7501164117975
        ]
    },
    "IC830Z3000-1.3.2": {
        "Point.1": [
            150.57120000060604,
            -2370.8006916375516,
            6778.37673899289
        ],
        "Point.2": [
            1052.8300000042136,
            -2370.8006916375516,
            6778.376738992889
        ]
    },
    "IC830Z3000-1.3.2.11": {
        "Point.1": [
            150.57120000060604,
            -2370.8006916375516,
            6778.37673899289
        ]
    },